Tindwa Medical and Health Services,P. O. Box 31409, Nyati Street, Mikocheni B, Dar Es Salaam,Tindwa Medical and Health Services (TMHS) is professionally operated organization by a team of medical experts with tremendous experience in Emergency Medical Services as well as Occupational Health a...,/img/tz/g/_1472869517-79-tindwa-medical-and-health-services.jpg
Brontide Interiors,Slipway, shop 6, Masaki, Dar Es Salaam,At Brontide we have a social responsibility to promote and encourage local development in East Africa. We are working with artisans and local suppliers to incorporate their products into our projects....,/img/tz/c/_1684479113-11-brontide-interiors.jpg
Shacman Truck Tanzania Limited,Julius K. Nyerere Road Opposite Quality Centre Dar es Salaam TZ, Dar Es Salaam,SHACMAN, established in 1968, to producing heavy military trucks for Chinese Army, taken 95% in China's heavy military off-road market. sold to more than 100countries. SHACMAN TRUCK TANZANIA LIMITED, ...,/img/tz/h/_1689687359-53-shacman-truck-tanzania-limited.jpg
JONES LOGISTICS LIMITED,4th Floor,Umati Building,Samora Avenue/Zanaki Street, Dar Es Salaam,Jones Logistics Limited is among the reputable and established logistics services provider, we hold expertise in offering transportation and relocation of any kind of cargo to and from Tanzania , Afri...,/img/tz/e/_1414521757-jones-logistics-limited.jpg
Assad Financial Services,P.O.Box: 3204, Samora Avenue, Opp. J.M. Mall (Harbour view towers), Elite City Building, 3rd Floor, Office No: 315, Dar es Salaam, Tanzania, Dar Es Salaam,Assad Financial Services is a leading accounting firm associated rendering comprehensive professional services which include Incorporation of companies, Independent Audit & Assurance, Foreign Exchange...,/img/tz/x/_1549024584-98-assad-financial-services.png
FAHARIHOST COMPANY,45147, Dar Es Salaam,We are a web hosting company in Tanzania. We offer shared & resseler hosting package,Domain registration,Website design,Graphics design,Computer repair & maintanance,Software installation like Antivir...,/img/tz/f/_1497441888-54-faharihost-company.png
Cloudy 360 Technologies,1st floor Sayansi - Building (COSTECH), Dar Es Salaam,We are a team of specialized individuals; dealers in Website designing, Mobile Application Development, Domain Registration, Search engine optimization, Internet marketing, Graphics Designing, Busines...,/img/tz/m/_1527311415-69-cloudy-360-technologies.png
Kara Traders Ltd,India/Zanaki Street, P.O. Box: 993, Dar Es Salaam,Quality products under ONE Roof : Hardware, Hand Tools, Plumbing, Industrial Products, Pipe / Fittings / Valves - MS, Carbon Steel, Stainless Steel, Sch 10/40/80 Power Tools - Hitachi / Hikoki - Drill...,/img/tz/h/_1608274992-32-kara-traders-ltd.jpg
Labedan Insurance Brokers,Tranic Plaza, Ada Estate, Next to King Solomon Hall., Dar Es Salaam,Labedan Insurance Brokers is a proactive, customer centric Insurance Service Provider. We partner with top rated Insurers to make sure you get the best coverage at the best value. Come feel the differ...,/img/tz/c/_1496746091-73-labedan-insurance-brokers.jpg
Moflow - The Flower shop,Ali Bin Said Rd. Msasani, Dar Es Salaam,Description Moflow-The Flower shop® is your one-stop shop for all your floral needs! No matter what the occasion is, we have the ideal gift for you to send to loved ones, friends or the special person...,/img/tz/h/_1395127513_63226.jpg
Safari Fantasies,Dar es salaam, Dar Es Salaam,Safari Fantasies is a premier inbound tour operator located in Dar es salaam, Tanzania. Specialized in providing travelers with unforgettable, unique, and affordable travel and safari experiences in T...,/img/tz/n/_1593772461-25-safari-fantasies.jpg
Classic Interiors,Upanga, Dar Es Salaam,We deal in Private designs IE Tv Walls, Gypsum Ceilings and tailor made designs to suit your requirements and also commercial designs ie Renovation of offices etc. We also deal in Electrical, Plumbing...,/img/tz/b/_1476690121-81-classic-interiors.jpg
TANZANIA PRIVATE INVESTIGATION AGENCY,Sea View Road, Dar es Salaam, Tanzania, Dar Es Salaam,Tanzania Private Investigation Agency TPIA/TPSC ... We are the first private investigation agency in Tanzania and reliable agency in East and Central Africa. We provide: Private Investigation Services...,/img/tz/k/_1383227643_59657.jpg
Newmatic Kitchen Tanzania Ltd,Mikocheni Light Industrial Area (ITV Junction), Dar Es Salaam,Newmatic Kitchen Tanzania Ltd is the distributor of NEWMATIC in Tanzania, Singapore's own brand of built-in kitchen appliances. Our home appliances are designed to be trendy, durable & energy saving. ...,/img/tz/g/_1668413343-44-newmatic-kitchen-tanzania-ltd.png
Orange Drive | Economy Car Rental,Dar Es Salaam, Mikocheni A, opposite Shoppers Plaza, Dar Es Salaam,We are a Tanzania based car rental service company with over 10 years of experience and expertise in premium-quality travel solutions. Our economy car rental service is best suited for travelers, comp...,/img/tz/s/1399622406_28720.jpg
Tanzacomputer Digital Marketing Agency,Kigamboni, Dar Es Salaam,At Tanzacomputer Digital Marketing Agency, we are passionate about what we do. When combined with our expertise, this passion has helped our clients grow their online trading operations and boost thei...,/img/tz/n/_1651431229-81-tanzacomputer-digital-marketing-agency.png
Jumia House Tanzania,Kinondoni Road, 2nd Floor Acacia building, Dar Es Salaam,Jumia House helps people find their ideal home, land and commercial property. Our goal is to empower consumers with the most thorough information on the market and bring them in direct contact with th...,/img/tz/x/_1478178601-45-jumia-house-tanzania.png
Iv3'z Spot | Hair Styling, Braids, Nails,Survey Darjani, Ubungo, Dar Es Salaam, Tanzania, Dar Es Salaam,Beauty Salon for Hair Styling, Braids, Manicure, Pedicure, and Fashion in Dar es Salaam. Hair Styling in Dar es Salaam Do you want a new hair styling or professional make-up in Dar es Salaam? You don’...,/img/tz/b/_1629668704-85-iv3-z-spot.jpg
EPIC Business Resources Ltd,Sam Nujoma Road, Mwenge Tower 1st Floor , Dar Es Salaam,At EPIC BR, we support business organisations to achieve their goals by offering value adding Human Resource Consultancy services including Staff training, recruitment and support other HR initiatives...,/img/tz/f/_1688915142-89-epic-business-resources-ltd.jpg
Kaparama Professional Recruiters Ltd,Off Mandela Road, Mabibo External/Makuburi, After TFDA Buildings Opposite KKKT Church, Dar Es Salaam,We recruit staff at all levels in the following disciplines: Professional & Fee Earners Accountants Corporate Financiers Lawyers Tax Advisers. Sales, Marketing & PR Business Development & Sales Client...,/img/tz/r/_1581612138-58-kaparama-professional-recruiters-ltd.jpg
JF INSURANCE AGENCY,C&G PLAZA, Dar Es Salaam,At JF Insurance Agency, we are committed to the principles of service, integrity and professionalism. Our company was founded in November 2014 and is based in Dar-Es-Salaam. We act as an advocate for ...,/img/tz/h/_1442698195-93-jf-insurance-agency.jpg
ABUS - Secure Tech Global,PO Box 64 DSM Tanzania. Kaluta Street, Next to Burhani Hospital, Dar Es Salaam,Now Available in Tanzania. As the official sole East African Distributor we can offer great wholesale prices for you to add quality German Engineered locks to your product portfolio. ABUS products, ma...,/img/tz/l/_1375700536_41232.jpg
Ayapoa Recruitment,P.O. Box 90124, Dar Es Salaam,We are a Job Recruitment Agent in Tanzania, specializing in Internships, Part-time Jobs, and Permanent Jobs in Tanzania and outside of Tanzania. Our vision and Mission become a center of excellence in...,/img/tz/k/_1676962156-23-ayapoa-recruitment.jpg
MAINSTREAM TANZANIA LIMITED,Level 2,Umati Building, Dar Es Salaam,Air freight Services Sea freight Services Door to Door Services Customs brokerage Services Inland transportation Services Packing & household removal Project cargo Warehousing & Distribution,/img/tz/b/_1454079969-74-mainstream-tanzania-limited.jpg
Empower,9th Floor Tanzanite Par, PO Box 105552, Dar Es Salaam,Empower is a dynamic Tanzanian Human Capital Consultancy Firm specialising in Talent Acquisition, customised Training Programmes; Experiential Teambuilding and championing Employee Engagement. Since 2...,/img/tz/m/_1591389840-33-empower.jpg
Genius Consultancy - HRM Consultants & Recruiters,8 Karume RD, Oysterbay, Dar Es Salaam, Tanzania., Dar Es Salaam,It is with great pleasure that we introducing our HRM services to your respective firm / organization. Having established and served a multitude of organizations within East/Central and sub Saharan Af...,/img/tz/j/_1654843619-19-genius-consultancy-hrm-consultants-recruiters.jpg
Vipajijobs (T) Ltd,Chabruma Street, Ali Hassan Mwinyi Road, JANGID Plaza, 3rd Floor, Room no. 303, P.O. Box 32080, Dar Es Salaam,VIPAJIJOBS is the #1 job site in Tanzania, offering a complete range of end-to-end employment solutions and career planning tools. Vipajijobs.com offers the fastest, easiest, most effective and cost-e...,/img/tz/l/_1581626093-46-vipajijobs-t-ltd.png
Q-Sourcing,Acacia estates, Regus offices, 84, Kinondoni P. O BOX 80964 , Dar Es Salaam,We source, vet, place & manage local, qualified talent in Tanzania Q-Sourcing Servtec Tanzania offers high quality solutions in the Permanent staff recruitment and Temporary Staffing for single, large...,/img/tz/k/_1581713172-51-qqs.jpg
PAROTA TOURS & SAFARIS (T )LTD,PO BOX 1467 DSM, Dar Es Salaam,Parota Tours & Safaris has grown to be the fastest growing and most respected ground handling Tour Company. With many years of experience as a tour operator, we are looking to expand within the safari...,/img/tz/f/_1549375629-34-parota-tours-safaris-t-ltd.jpg
Apex Media Limited,Block B,Plot number 10,Mwongozo-Makuburi,near TFDA, Dar Es Salaam,Apex Media is a company based in Tanzania created to help other companies develop tailor-made strategies to help them reach and maintain their targets. We grow companies who understand and believe in ...,/img/tz/g/_1429258653-49-apex-media-limited.jpg
Consumer Insight Ltd. Tanzania,Morogoro Road, Ubungo Plaza, Second Flour Office No. 211, Dar Es Salaam,Consumer Insight is a leading market research company with fully fledged offices in Tanzania, Kenya, Uganda, Nigeria and Ethiopia. In Tanzania, the company has been in operation for the last 10 years....,/img/tz/x/_1405079003_42518.jpg
Delve Technologies Co. Ltd,P.o.Box 13330, 6th Floor, Co-architecture Bldg, India/Bridge St., Dar Es Salaam,Delve Technologies Co. Ltd (DTCL) is a Business and Technology Consulting Company based in Dar es Salaam-Tanzania, with a strategic objective to help businesses explore and unlock the power of technol...,/img/tz/e/_1618935710-54-delve-technologies-co-ltd.png
Euro Commercials Ltd,423,Harbour view towers,Samora avenue, Dar Es Salaam,BACKGROUND Euro Commercials Limited is a limited liability company that was registered in March 2003 by the registrar of companies in Tanzania, under the Companies Act (Cap 212) of the United Republic...,/img/tz/e/_1429170736-24-euro-commercials-ltd.jpg
Kilimanjaro Serengeti Tours & Travel,c/o H. Gupta, P. O. Box. 5340,Samora Avenue, Dar es Salaam, Dar Es Salaam,A Limited Company Registered officially in November 1993. Kilimanjaro-Serengeti Tours & Travels Ltd (KSTT), cares much for customer service, therefore any customer should feel warmly welcomed, and val...,/img/tz/s/_1340014967_37766.jpg
L-Pesa Microfinance,Regus, 7th Floor, Amani Place, P.O. Box 38568 , Dar Es Salaam,There are many international corporations which deal in microfinance and are operating in African countries like Tanzania, Uganda and Kenya. L-Pesa microfinance is one of those international corporati...,/img/tz/s/_1453973717-48-l-pesa-microfinance.jpg
Penepro Tanzania Ltd,P.o.bOX 32602, Dar Es Salaam,We are Aproved Dealer for PENETRON products in Tanzania,this are as mentioned in the penetron website www.penetron.com of usa,/img/tz/z/_1461230910-68-penepro-tanzania-ltd.png
Ziwa Garments and Apparel,Mwai Kibaki Rd, Dar Es Salaam, Tanzania, Dar Es Salaam,Ziwa Garments and Apparel is a Uniforms Supplier and Manufacturer, Polo Shirts Supplier and Manufacturer, School Uniforms Supplier and Manufacturer, T Shirt Supplier and Manufacturer, Overalls Supplie...,/img/tz/c/_1437315811-18-ziwa-garments-and-apparel.jpg
ADD TOURS Tanzania,Mjapani Complex,Tegeta, Dar Es Salaam,We are an independent safari and tours operator company specializing in custom safari tours throughout Tanzania and Zanzibar. If you’re planning a dream safari you’ve come to the right place! You’ve p...,/img/tz/a/_1601744301-32-add-tours-tanzania.jpg
PICK AND DELIVERY EXPRESS COURIERS (T) LTD,Dar Free Market, First Floor, Ali Hassan Mwinyi Road, Oysterbay Area, Dar Es Salaam Tanzania, Dar Es Salaam,Pick and Delivery Express Couriers Co. LTD is a Registered company operating on the door to door basis, all over Tanzania i.e. within Dar es Salaam and the rest of the Regions in Tanzania meaning, We ...,/img/tz/z/_1428145079-79-pick-and-delivery-express-couriers-t-ltd.jpg
Road 2 Africa ltd - Beach & Safaris,ohio street/garden road, Dar Es Salaam,Welcome to the Road 2 Africa - introducing the natural and beauty of the Southern Parts of Tanzania with the combination of the exotic beaches of the coastal areas as well as the Zanzibar, Mafia and P...,/img/tz/k/_1501844004-82-road-2-africa-ltd-beach-safaris.jpg
Teroda Africa Limited,Ubungo, Shekilango Street , Dar Es Salaam,Teroda Africa Limited is the integrated Facilities Management services provider for all types of infrastructure and environments in Tanzania with Holistic approach and pastoral care to our customers. ...,/img/tz/c/_1629157489-45-teroda-africa-ltd.jpg
Ako Catering,Plot 29363 URAFIKI AREA, P O Box 63314 Dar es Salaam, Dar Es Salaam,AKO Catering Services is a Limited company by Shares, incorporated under the Companies Act, Cap 212. AKO Catering is wholly locally owned and managed by Competent, Multi talented Professionals with a ...,/img/tz/e/_1416909144-ako-catering.jpg
Independent Business Company (IBUCOM),P.o.box 7064 Physical address: Block no:4, Morogoro/Sikukuu Ilala, Dar es salaam., Dar Es Salaam,The Independent Business Company (Ibucom) Is a small, successful, one person accounting and tax preparation service owned and run by Mr Idd Kitambi in Tanzania. The firm offers tax accounting, managem...,/img/tz/c/_1415970214-independent-business-company-ibucom.jpg
NetPoa,Kijitonyama, Dar Es Salaam,NETPOA is one of the best web hosting companies in Tanzania we offer, Web Hosting, Email Hosting VPS Hosting, Domain Registration, Web Design & Development, ICT Solutions.,/img/tz/a/_1659535238-74-netpoa-limited.jpg
PRIMA AFRO,Narung'ombe street kariakoo, Dar Es Salaam,Prima Afro Abuja is a popular braid range in Tanzania, Malawi & Zambia. 100% HUMAN HAIR SWEPT TAPE DOWN CURL OL9\" 1, 1B, 2, 4, 34, 280, F1B/30, F4/27/30, F26/613, DX118/99J, TT1B/273, DEEPWINE - LACE...,/img/tz/c/_1616432576-21-prima-afro.png
Cards City,Plot 10, Wazani Street, Magomeni Mapipa, Dar Es Salaam,Geek Technologies is a company created by a team of Tanzanian IT professionals. It covers from small, medium to large businesses. It likes to create cool, interactive, stunning and awesome technologie...,/img/tz/l/_1461773929-57-geek-technologies.jpg
Kulaya Spa,Survey around Mlimani City, Dar es Salaam, Dar Es Salaam,"Good environment with privacy and well trained therapists. Might be your right place for Massage, waxing, facial treatment, pedicure and manicure. Good place for meditation as well. Shortly Kulaya Sp...,/img/tz/m/_1665493974-77-kulaya-spa.jpg
Tanzania Conference Services Ltd.,Chole Plaza, Plot no. 2618, Masaki 1st Floor, Dar Es Salaam,TANZANIA CONFERENCE SERVICES is the leading professional conference organizer in Tanzania, providing consultancy, organizing and supporting services for conferences, congresses, meetings, workshops, s...,/img/tz/x/_1496534155-31-tanzania-conference-services-ltd.jpg
AMARA SAFARI,Toure Drive, Msasani Peninsula, Dar Es Salaam,AMARA SAFARI creates bespoke luxury safaris to Africa. Our safari experts are all natives and travelled extensively in the continent and will design your perfect itinerary, combining the best accommod...,/img/tz/d/_1702802378-98-amara-safari.png
Brands and stories,Yombo and Liwale street,Temeke near Mwembeyanga, Dar Es Salaam,We are Tanzania's leading strategic marketing and digital content creators transforming companies through integrated digital practice. Our skills and Capabilities: - Web designing & App development - ...,/img/tz/r/_1525345252-17-brands-and-stories.jpg
5GB Pest Managers,Ilala, Dar Es Salaam,We are a local registered company based on dar es salaam and we are extending our reach around the Tanzania. We understand the global challenges of pest control, but also aim to tailor what we do to t...,/img/tz/j/_1654177475-33-5gb-pest-managers.jpg
Jovia GPS Solutions Limited,Mnazi Mmoja, Bibi Titi Mohammed Street, P.O. Box 19643, Dar Es Salaam,JOVIA Provides: Telematics IoT Technology Solutions, IT-Software Services Web Applications, Mobile, and Cloud, Level Monitoring System IoT Based Solution for Industries, IoT, GPS Telematics Hardware S...,/img/tz/h/_1654852974-57-butri-international-limited.jpg
Kearsleys Travel & Tours Ltd,Zanaki Street, P.O. Box 801, Dar Es Salaam,Kearsleys Travel & Tours Ltd was established in 1948 with a vision of providing a full one-stop travel and tours solutions to its clients in the travel industry. To date, it is the oldest tour operato...,/img/tz/j/_1417081312_82357.jpg
Wenson Logistics Co. Ltd,Kinondoni, P.O BOX 32346, Dar Es Salaam,We, WENSON LOGISTICS CO. LTD, with our best knowledge in Freight Clearing and Forwarding Business, also as a Director who have been in service with Larges Sugar Producers (Mtibwa Sugar Estates and Kag...,/img/tz/m/_1445763991-53-wenson-logistics-co-ltd.png
Jobs in Tanzania - JobHouse Tanzania,#6 Kigogo Road, Dar Es Salaam, Dar Es Salaam,JobHouse Tanzania is a leading Recruitment and Jobs Website in Tanzania with exceptional Recruitment Consulting, HR Development and Job Placement services. If you are serious about recruiting candidat...,/img/tz/l/_1408559221_88074.png
Mansoori Truck Parts,Msimbazi/Livingstone Street, Dar Es Salaam,Mansoori Truck Parts Ltd was established and registered in August 2005 for supply of automotive Spare Parts to wide variety of brands in Tanzania. The company was founded by businessmen with a long ex...,/img/tz/g/_1617091494-18-mansoori-truck-parts.jpg
Cornwell Tanzania Naturopathic Clinic,78158, Dar Es Salaam,Production of Herbs and food supplements. Naturopathic Clinic, acupuncture, school of integrative Medicine and all other holistic treatment,/img/tz/f/_1593631565-16-cornwell-tanzania-naturopathic-clinic.jpg
FINEAST African Resources,P. O. Box 32208 Dar es Salaam, 3rd Floor - IBACON House, IKUNGI Street, Off Kawawa Road, Dar Es Salaam,FINEAST African Resources is a strategic PR & Marketing Communications firm, determined and dedicated to serve corporate & medium sized clients, including local and International NGOs in Tanzania. The...,/img/tz/b/_1479209490-89-fineast-african-resources.jpg
Metro Steel Mills Ltd.,Plot No. 93, Kipawa Industrial Area, Off Nyerere Rd., P.O. Box: 12477, Dar Es Salaam,Metro Steel Mills Ltd - Established in 1999 located in Dar Es Salaam, Tanzania,/img/tz/m/_1616782128-20-metro-steel-mills-ltd.jpg
Oceania Tanzania,Savei University RD Kinondoni, Dar Es Salaam,"We're based in Dar es Salaam Tanzania, Our passion is to help businesses discover new possibilities, refine, design and launch their digital products. Including Website Design, Mobile application dev...,/img/tz/x/_1562914623-54-oceania-tanzania.jpg
ARDEAN Law Chambers,7th Floor, Wing B Summit Tower, Adjacent to Ushirika Buliding, Lumumba Street P.O. Box 40831 Dar es Salaam, Dar Es Salaam,ARDEAN Law Chambers (formerly known as ARDEAN Attorneys) is one of the leading commercial lawyers’ firms in the region. Our Office, which is located in the hub of Dar es Salaam, is a full service law ...,/img/tz/f/_1503497002-89-ardean-law-chambers.jpg
Eman Mic Production,Sinza, Dar es Salaam, Dar Es Salaam,We do provide all kinds of waxing and massage such as hot stone Masasge, deep tissue, Yoga Massage, relaxing, erotic. Massage Therapies: Acupressure Massage, Deep Tissue, Foot Massage, Full Body Massa...,/img/tz/g/_1627644832-60-eman-mic-production.jpg
Fynhacker Hosting,Kigamboni, Dar Es Salaam,We are Tanzanian web design and Hosting provider/company we offer shared Hosting and VPS with an affordable price From Tsh 10,000/mo on shared hosting and Tsh 90,000/mo on Vps please visit our website...,/img/tz/s/_1518076219-53-fynhacker-hosting.jpg
Polypet Industries ltd,Mbezi Beach Plot no 427 next to Shamo Industries Dar es Salaam, Dar Es Salaam,Polypet Industries Ltd was Registered in the year 2004 in Dar es salaam,Tanzania as one of the most diversified and leading industrial group in East Africa. Polypet is the only one specialised in: Pet...,/img/tz/k/_1549289144-98-polypet-industries-ltd.jpg
21st Century Textile Morogoro,20TH FLOOR, GOLDEN JUBILEE TOWERS, OHIO STREET, P.O BOX 20660, Dar Es Salaam,We would like to introduce ourselves as leading manufacturers of textile products of 100% cotton Printed Woven African Khanga & Kitenge and other textile products like bed sheets drill twill canvas Gr...,/img/tz/b/_1549030185-55-21st-century-textile-morogoro.png
Absolute Printing Services Ltd,NDOVU STREET NO 18, Dar Es Salaam,Absolute Printing Services Limited is a reputable printing services company totally owned and managed by professional and credible Tanzanians. Absolute Printing services offers the largest selection o...,/img/tz/a/_1568960635-37-absolute-printing-services-ltd.jpg
Adams Digicom Animation Company,P.O.Box 10359 Ubungo Kibangu Riverside , Dar Es Salaam,Adams Digicom is a Animation and multimedia company in Tanzania that provides creative solution for Tv commercial, Documentaries, Corporate presentation and Education Solution. 3D Animation, Visualiza...,/img/tz/s/_1438702254-90-adams-digicom-animation-company.png
CELINE DECORATION & CATERING SERVICES,P.O. BOx 12077,Dar es Salaam, Dar Es Salaam,We are specializing in Tanzania Honeymoon Packages, Conferences, Congresses, Meetings, Workshops, Seminars, Trade fairs and Exhibitions to East African. As New Celine Decorations & Event Management, w...,/img/tz/b/_1488651895-81-celine-decoration-event-management.jpg
Data Recovery Tanzania,RedCross Building, bibi titi na morogoro road dar es salaam., Dar Es Salaam,Data recovery Tanzania company offers Hard Drive Data Recovery from Formated, Partitioned, Clicking noise, failed, damaged disks and partitions. RAID data recovery and critical server data recovery se...,/img/tz/d/_1363950960_68476.jpg
HARVEST TANZANIA LTD,SOKOINE DRIVE, Dar Es Salaam,Harvest Tanzania Limited has evolved from the 2000’s to what it is today. In an industry that doesn't always enjoy the best of press, Harvest Tanzania Ltd reputation is built on two major factors: Ext...,/img/tz/s/_1495005738-62-harvest-tanzania-ltd.jpg
Kamaka Company Ltd,Mandela Road, Plot No. 35, P.O Box 78570 , Dar Es Salaam,KAMAKA Company Limited was formed with a vision to provide high quality products and value added services to the building and construction industry. Our commitment and continual investment has seen us...,/img/tz/j/_1549539270-83-kamaka-company-ltd.jpg
Kishen Enterprises Toyo Motorcycles,Sales Point Swahili/Makamba Street Gerezan, Dar Es Salaam,Kishen Enterprises Ltd. (KEL) is a Tanzania Based private limited liability company established more than a Decade, to carry on the business of motorcycle assembly, manufacturing, trading, marketing a...,/img/tz/b/_1616685192-66-kishen-enterprises-toyo-motorcycles.jpg
Kishen Enterprises Limited,Makamba/Swahili, Gerezani, Dar Es Salaam. Tanzania, Dar Es Salaam,Kishen Enterprises is a well known for importing and distribution of Motor Bikes 2&3 wheelers, Agro Machinery, Energy Solutions. Solar power, Inverter, UPS, Batteries and Generators. We will provide a...,/img/tz/k/_1625826473-77-kishen-enterprises-limited.jpg
LUESA GROUPS LIMITED,P.O.Box 23543 Dar es salaam, Tanzania, Dar Es Salaam,LUESA GROUPS LIMITED is locally registered company incorporated under the company act of Tanzania and started operations in 2015. Its Tanzania company and it contains groups of Companies which` deals ...,/img/tz/e/_1517814397-61-luesa-groups-limited.jpg
Nox Tanzania Group Limited,Plot No.17, Omari Londo Street, Gerezani, Kariakoo, Dar Es Salaam,Dealers in: - CCTV Security and Car Tracking System - Solar, Electrical and Hardware Products - Printing, Designing and Advertisement - Transport and Clearing & Forwarding - Travel & Tours - Real Esta...,/img/tz/x/_1430550141-15-nox-tanzania-group-limited.jpg
Parota Pest Control,Mabatini road Kijitonyama Dar es salaam Tanzania, Dar Es Salaam,Parota Pest Control is Tanzanian based pest control company offering comprehensive pest control services in Tanzania. We pride ourselves in offering effective pest control services for both residentia...,/img/tz/x/_1656441472-40-parota-pest-control.jpg
Piben Studio,Ilala, Dar es salaam, Dar Es Salaam,A multidimensional designer studio, create variate of digital content in the field of designs, motion, and brand.,/img/tz/h/_1640330257-88-piben-studio.png
Tibaz Productions,Rose Garden Road Mikocheni, Dar Es Salaam,Welcome to Tibaz. Tibaz is a media production company based in Tanzania. We specialize in producing high-quality video content for a variety of clients, including businesses, government agencies, and ...,/img/tz/e/_1404590819_94193.gif
Africa Best Conservated Destination Tours,Dar es salaam Hub Office, Nyerere Road, Dar Es Salaam,You must be thinking, why travel to Tanzania? Africa Best Conservated Destination Tours will provide the answer. Tanzania hosts three of the world`s natural wonders to behold by yourself, not only tha...,/img/tz/x/_1445975067-53-africa-best-conservated-destination-tours.jpg
AFRO GEMS,778, Dar Es Salaam,we are importers of fiber fishing boats from sri lanka, our main office is located at west Upanga, Mataka road, house no 5, plot number 778, and our yard is at Msasani beach near Pensinsula hospital. ...,/img/tz/m/_1664529813-83-afro-gems.jpg
AMAR TECHNOLOGIES LTD,Plot 15, office # 2, Mezzanine Floor, Africa Muslim AgencyUhuru street. Dar es salaam, Tanzania. , Dar Es Salaam,Information Communications and Technology company established in year 2004, dealing in wide range of ICT Solutions. Services ranging from PC Repairs to office Communication systems. Hardware biometric...,/img/tz/d/_1441286947-57-amar-technologies-ltd.png
Babysitters and House Maid in Dar es Salaam,KIjitonyama, Dar Es Salaam,We do offer house maid and babysitting (nanny) service in Dar es Salaam, Zanzibar and other cities. our offices are located in Dar es Salaam though we can reach you wherever you are in Tanzania,/img/tz/n/_1680267167-76-babysitters-and-house-maid-in-dar-es-salaam.jpg
Bayoumi And Chams Ltd(manics Dynamics),MANDELA ROAD -GARAGE BUS STAND, Dar Es Salaam,We would like to represent Bayoumi & Chams ltd (MANICS DYNAMICS), a leading supplier of crusher and mining spare parts. I am reaching out to explore potential business opportunities and establish a mu...,/img/tz/a/_1686908962-36-bayoumi-and-chams-ltd-manics-dynamics.jpg
Bongo Live,7th Floor, Ibrahim Manzil, Above Kearsly Travels, Zanaki St, Dar es Salaam, Dar Es Salaam,About Us Bongo Live! is a mobile services company based in Dar Es Salaam, Tanzania. We�re a team of individuals committed to bringing the next level of mobile and SMS based services to Tanzania. We b...,/img/tz/a/_1405497793_39147.png
Bridging Technologies Limited,Plot No 1437,Fish Market,Msasani, Dar Es Salaam,Bridging Technologies is fully a digital marketing agency vastly dealing with content creation and marketing,brand reputation and management,website analytics and consultancy,pay per click(ppc),Search...,/img/tz/r/_1615986637-88-bridging-technologies-limited.jpg
Burhani Infosys,Office 18, Annadil Burhani Complex, Magore St, Dar es Salaam, Dar Es Salaam,A complete IT Solutions company; Burhani Infosys, launched at the dawn of May 2009, provides ICT hardware, software, web, networking and customized solutions. Burhani Infosys focuses on providing pers...,/img/tz/e/_1617007541-41-burhani-infosys.jpg
Chino Asset Tracker,Magomeni Mikumi, P.O.Box 40256 Dar es salaam, Dar Es Salaam,Offering a new level of Assets control over your vehicles. Live GPS Tracking Device - Affordable Global Connectivity. it is the best GPS tracking system for Vehicle Management, Fuel Monitoring, Driver...,/img/tz/f/_1632582947-84-chino-asset-tracker.jpg
CLEANEX CLEANING & MAINTENANCE,Dar Free Market, Oysterbay, Dar Es Salaam,We specialize in Commercial Contract Cleaning and several other Facilities Services Specialties Commercial Cleaning, House Cleaning, Window Cleaning, Carpets Cleaning, Floor Cleaning, Gardening, Laund...,/img/tz/m/_1555437927-16-cleanex-cleaning-maintenance.jpg
Danbeth Solutions Limited,Mwanamboka Plaza, 2nd Floor, Kinondoni, Dar es salaam, Tanzania [email protected] , Dar Es Salaam,We are an IT Solutions and Services company, focusing on industry-specific niche solutions that help organizations in their journey of technological transformation.,/img/tz/b/_1651219939-58-danbeth-solutions.png
DENTOMEDICAL(T)RESOURCES,MBAGALA ROAD SUDAN BUS STOP, MPOLWE STR, PLOT# 52/1, BLOCK -C, P.O.BOX 12620, Dar Es Salaam,DENTOMEDICAL(T)RESOURCES Is a Partnership Business owned and operated by Tanzanians.The Company was established in March, 2019 with Business Registration Certificate No. 452039, Tax payer Identificati...,/img/tz/s/_1590577102-30-dentomedical-t-resources.jpg
Dreamchasers Technologies,P.O. Box 11584, Dar Es Salaam,Registered as Dreamchasers Solutions Limited we are the all-in-one ICT solutions that will foster the performance of your business. Our brands are D-TECH (IT solutions), D-STUDIOS (Graphic/Web Design)...,/img/tz/j/_1456136218-41-dreamchasers-technologies.jpg
DTS LOGISTICS COMPANY LIMITED,Nyerere road, Dar Es Salaam,Deals in the importation, sale, distribution and after-sales services for a wide range of products ranging from construction equipment, heavyweight equipment, concrete mixing equipment, light and heav...,/img/tz/j/_1671028753-37-dts-logistics-company-limited.jpg
Dudumizi Solutions,Dar es salaam, Dar Es Salaam,Dudumizi Solution (T) Ltd Offer a wide variety of services based on tech and digital world and this is due to market requirement. Those services is including: Website Design, Domain registration, Host...,/img/tz/j/_1414667841-dudumizi-solutions.png
Empty Container Depot,P.O.Box 11286, Dar Es Salaam,EMPTY CONTAINER DEPOT (ECD) Is license depot established by Euro COmmercials (EuroCom) Limited owned by Tanzania. EuroCom is the one stop logistics services provider that handle containerized goods To...,/img/tz/c/_1674409671-74-empty-container-depot.jpg
ETON INTERNATIONAL TANZANIA LIMITED,Plot No.: 49, Block 79, Makamba/ Sikukuu Street, P. O. Box 25314, Dar es Salaam, TANZANIA., Dar Es Salaam,ETON International (T) Ltd is full-service provider specialized in cooling systems for various products in a vast fields of Horticulture, Dairy product processing, Abattoir, Pharmaceutical, Beverage, ...,/img/tz/z/_1675144814-27-eton-international-tanzania-limited.jpg
Exmpor Engineering Tanzania Limited,Head Office No. B 307, 3rd Floor, Al Wadha Business Complex, Bibi Titi Mohamed Road, P. O. Box: 23305, Dar es Salaam. Branch Office: Kiembe Samaki, Opp. Keimbe Samaki Secondary School, Airport Road, P.O. Box: 2772, Zanzibar, Dar Es Salaam,Water Treatment, Waste Water Treatment, PET Bottling Lines, Glass Bottling Lines, Swimming Pools, Air Conditioning Systems, Industrial Laundry, Industrial Kitchen, Laboratory Services, AMC.,/img/tz/d/_1648562694-56-exmpor-engineering-tanzania-limited.jpg
Happy Kids Puzzles,Bamaga, Afrikasana , Dar es salaam, Dar Es Salaam,we are specialized in Creating and selling custom-made, High-Quality wooden puzzles for children of all ages. algebra puzzles, easy math puzzles, Numbers and Alphabets Puzzles, Shapes & Objects All it...,/img/tz/e/_1645082913-35-happy-kids-puzzles.jpg
HELMIC GROUP COMPANY LIMITED,P.O.BOX 60883,Dar Tanzania, Dar Es Salaam,We offer Transportation and Tourism services. Transportation includes, car rental, car wash, garage, car storage and public transport. Tourism includes, organizing tours, camping safaris, lodge safari...,/img/tz/f/_1441000481-49-helmic-group-company-limited.jpg
HouseTech Investment & General Supply LTD,Magomeni Mikumi, Dar Es Salaam,We provide a full scope of HVAC solutions and services from AC Maintenance, Repair, Service and Installation Service. We are Specialists in Air Conditioning Repair, Installation and Service. Professio...,/img/tz/e/_1619690340-47-housetech-investment-general-supply-ltd.jpg
ICTPACK SOLUTIONS LTD,Victoria Noble Center,15th Floor, New Bagamoyo Road, Dar Es Salaam,ICTPACK is a fastest growing Innovative ICT solutions provider with a focus on helping companies and organizations leverage emerging technologies to their competitive advantage. We use agile technique...,/img/tz/j/_1628772566-56-ictpack-solutions-ltd.png
IMIT,CATS TANZANIA LIMITED,P.O.BOX 2569 DAR ES SALAAM, Dar Es Salaam,The Institute of Management & Information Technology (IMIT) is the Training Institute based under CATS Tanzania Limited. Established in 1987, and formerly known as the ICL Training Center, its princip...,/img/tz/e/_1441447329-36-imit-cats-tanzania-limited.jpg
JV Biotech Enterprises Co Ltd,P.O.Box 35091, Dar Es Salaam,JV Biotech Enterprises Co Ltd is a versatile company in the food and agriculture sectors, offering agro-processing, agro-commodities trading, and agricultural consultancy services to a diverse range o...,/img/tz/n/_1679386599-76-jv-biotech-enterprises-co-ltd.jpg
Kulaya Group Cleaning Company,Makumbusho bus Stand, Dar Es Salaam,It's a cleaning company in Dar es Salaam that does all kind of cleaning, such as office cleaning, homes, we also do event planning. Give us a call now,/img/tz/g/_1691308927-31-kulaya-group-cleaning-company.jpg
Kulaya Language School,Makumbusho,Kijitonyama, Dar es Salaam , Dar Es Salaam,Kulaya Language School is based in Dar es Salaam Tanzania though it reaches students all over the world through its online language programs. KLS basically offers English Classes and Swahili Classes. ...,/img/tz/m/_1681895649-57-kulaya-language-school.jpg
Labspot Tanzania LTD,61361, Dar Es Salaam,We are direct importer of laboratory equipment, chemicals and apparatus, so we supply laboratory equipment, chemicals and apparatus at wholesale affordable prices to retailers medical laboratories, sc...,/img/tz/h/_1661923022-88-labspot-tanzania-ltd.jpg
Maperuk,Near Stanbic Bank Kindononi, Dar Es Salaam,We sell 100% Brazilian hair. High-quality hair extension at really cheap prices. 12 to 24 inches. Start your own hair business without stock. Order we deliver to your customers. Free delivery in Dar e...,/img/tz/c/_1404397414_45601.jpg
Markim company ltd,kinondoni, tunisia road, next to brake point opposite grave yard, Dar Es Salaam,WE SELL HIGH QUALITY GENERATORS KNOWN AS PERKINS AND ALSO DEAL WITH SWIMMING POOL EQUIPMENTS,CONSTRUCTIONS,CHEMICALS AND SERVICES (SWIMMING POOL AND GENERATORS).,/img/tz/a/_1645254612-20-markim-company-ltd.jpg
Massage For Women - Mobile,KIjitonyama, Dar es Salaam , Dar Es Salaam,Good Massage Therapies for Women, Acupressure Massage, Deep Tissue, Foot Massage, Full Body Massage, Happy Ending Massage, Head and Shoulder, Healing Touch, Hot Stone Massage, Integrative Acupressure,...,/img/tz/j/_1680873892-31-massage-for-women-mobile.jpg
Masaji Kwa wanawake Dar es Salaam,Sinza, Dar es Salaam , Dar Es Salaam,Good Massage Therapies for Women, Nuru Massage, erotic, yoni massage, Massage za sensual, massage aina nzuri sana ambazo zitakutoa ulipo.. massage za kisasa... Za nyonyo, za kila sehemu mwilini, za ma...,/img/tz/e/_1680875729-41-massage-kwa-wanawake-nyumani-hotelini.jpg
Mobile Massage in Dar es Salaam,Masaki, Dar Es Salaam,we do offer massage service around the city, at your hotel, apartment, or wherever you need a service, whenever you need it we are here for you. we do massage such as hot stone Masasge, deep tissue, Y...,/img/tz/e/_1680341718-70-mobile-massage-in-dar-es-salaam.jpg
5NET IT SOLUTION,77705, Dar Es Salaam,We Are Security Installer Service in Dar es Salaam at Great Prices. Call Us Today We Deals with Cctv Sys Fire Alarm Electric Fence in Dar es Salaam.Call Us for Information,/img/tz/l/_1660250192-84-5net-it-solution.jpg
NICE Tanzania,6th Floor Derm House- Kijitonyama, Daressalaam, P.O.Box 80712, Dar Es Salaam,NAMA Integrated Centre for Excellence Limited (NICE) is a social consulting firm focused on serving the comprehensive needs of corporate institutions, associations and civil society organizations in t...,/img/tz/m/_1630645615-82-nice-tanzania.jpg
Ocean Breeze Cleaning Company,03/27 Uhuru St., Dar es Salaam, Dar Es Salaam,We are a premier cleaning service provider in Tanzania, our main scope of business is commercial cleaning, building maintenance, janitorial services and more. We provide high-quality commercial cleani...,/img/tz/g/1384117021_30722.png
OfficeSpace,Plot 559, Old Bagamoyo Rd (Mwai Kibaki Rd), Kawe Beach, Dar Es Salaam,Based in Dar es Salaam, Tanzania, OfficeSpace is a dealer for "Teknion" furniture systems, "JEB International" demountable partitions and "Interface" modular carpet tiles. Our represented brands cater...,/img/tz/x/_1441810937-32-officespace.jpg
PRAMUKH STEEL INDUSTRIES,DAR-ES-SALLAM, Dar Es Salaam,About Us Found in 2007 by it’s young & visionary founders, Mr. Dinesh Panchal & Mr. Naimesh Panchal, PRMUKH STEEL INDUSTRIES is nowadays leading engineering company engaged in the Manufacturing of Bes...,/img/tz/e/_1473505300-64-pramukh-steel-industries.jpg
SantaPrint,Mawasiliano Bus Stand, Dar Es Salaam,We specializes in Creative Graphic Designing and Printing. Tunaprint vitu mbalimbal kama: - T-Shirts | Jezi | Mashati | Kofia | Lebo za Shule | Mifuko, n.k. - Mabango ukubwa wowote | Stickers | Roll-u...,/img/tz/c/_1649597162-73-santaprint.jpg
Suzana Mabula Fashion,Near Kigamboni Ferry Terminal, Kigamboni, Dar Es Salaam,Stylish clothes for all ages, traditional or casual or cultural style. Made by Fashion Designer Suzana Mabula in her sewing studio in Mbezi Beach, Dar es Salaam. Her own shop is located near the Kigam...,/img/tz/e/_1531652110-33-suzana-mabula-fashion.jpg
Tai Safaris Ltd,40062 Dar es Salaam,Ilala, Kiwalani, Dar Es Salaam,African Safari with Tai Safaris provides you with the ultimate Tanzanian holiday. Experience Tanzania’s rich diversity of wildlife, culture, history and activities. Whether you decide upon: a luxury l...,/img/tz/z/_1533475271-25-tai-safaris-ltd.jpg
Tanzania Water Equipment Supply Company,Plot no.104 AfrikaSana Road Opposite TRA Office Mwenge, Dar Es Salaam,Welcome to Tanzania Water Equipment Supply Company (TWESCO), the most effective and Reliable Water Treatment and Borehole Drillers, our Reverse Osmosis Systems, Seawater Desalination, Waste water mana...,/img/tz/s/_1459519772-63-tanzania-water-equipment-supply-company.jpg
Travel Hype Adventures,4275, Dar Es Salaam,We are tour agents with offices in Dar es Salaam and Arusha, offering safaris to all national parks,Northern, Southern and Western Tanzania, mount Kilimanjaro climbing, hiking at Usambara Mountains, L...,/img/tz/r/_1619175884-14-travel-hype-adventures.jpg
TruMark Company Limited,12382 Dar es salaam, Dar Es Salaam,Leading company in Event Management and Business Consultancy Services in Tanzania TruMark is a company with a strong focus on Supporting Business Development Services registered in the United Republic...,/img/tz/a/_1674151757-65-trumark-company-limited.jpg
Verge Holdings Ltd,Amani Place, P.O. Box 38568, Dar Es Salaam,VergeX exists for the love of luxury lifestyle, technology & fashion. We believe in empowering individuality and enhancing our customers lifestyles. Our mission is to be the East African digital platf...,/img/tz/e/_1627486151-85-verge-holdings-ltd.jpg
VG Media,Box10509 Dar Es Salaam, Tanzania., Dar Es Salaam,In nutshell We help business achieve their goal by provide quality and affordable marketing needs.,/img/tz/e/_1433461472-14-vg-media.jpg
Vitech Group Co. Ltd,P.O.BOX 60548, Dar Es Salaam,Vitech Group Co. Ltd Dealers on:. ICT SERVICES - Website designing and development - Web hosting - Domain name register - Systems and software development - Graphics design - Website content writing -...,/img/tz/g/_1458837535-82-vitech-group-co-ltd.png
Waxing Service in Dar es Salaam,Sinza, Dar es Salaam , Dar Es Salaam,Waxing services are all available here, bikini waxing, full body waxing, armpit waxing, Brazilian waxing. we also do outdoor services, therapist can come to your place for the good service.. give us a...,/img/tz/z/_1680934947-90-waxing-service-in-dar-es-salaam.jpg
Xfrey,Riverside, Ubungo, Dar Es Salaam,Xfrey aims at providing services with high Costumer Satisfaction ,quality and safety. Our company provides guarantee for its services. We are helping you to get happier and healthier life though our s...,/img/tz/g/_1554487754-13-xfrey.jpg
ZACK FINANCE,BUNJU B, DAR ES SALAAM Near UPENDO DISPENSARY, Dar Es Salaam,We are a financial institution which deals in micro credit activities(EMEGENCY LOANS), business consultation and debt collection activities since 2010.,/img/tz/j/_1454577973-62-zack-finance.gif
Africab,161/1, Kilwa Road, Kurasini Industrial Area, Near Puma Petrol Station, Temeke, Dar Es Salaam,We take great pleasure to introduce ourselves as manufacturer/supplier of various types of wires and cables. We started our manufacturing facility in 2002. Since then we have always attached highest d...,/img/tz/r/_1480145223-73-africab-tanznaia.jpg
Agrifi Export & Import,Airport Cargo, Swissport Building, Room No 13, DSM, Dar Es Salaam,THE LEADING SELLER AND DISTRIBUTOR OF QUALITY FISH AND FISHERIES PRODUCTS. Agrifi Export and Import Company Ltd is an is an Agribusiness Company registered in Tanzania with registration No.118354 of t...,/img/tz/d/_1649503391-36-agrifi-export-import.jpg
Bike Point,Fire Street, Dar Es Salaam,THE SERVICES WE OFFER: As a well established, we sell Genuine Spare parts of all Two wheeler bikes. As far as repairs are concerned we have a good service center where our staffs are well able and tra...,/img/tz/s/_1457170749-58-bike-point.jpg
BlinkView Tanzania,Plot No. 15, Bima Road, Mikocheni B, Dar Es Salaam,Blinkview is a creative content agency and IT solutions company based in Tanzania. we provide solutions for clients off all sizes in a wide range of industries. Blinkview aims to provide quality and s...,/img/tz/d/_1478230403-78-blinkview-tanzania.jpg
Business Registrations & Licensing Agency (BRELA),House, Plot No: 23, Block No: 20 Shaaban Robert Street, Sokoine Dr, Dar Es Salaam,For anyone focusing on fostering innovation, intellectual property protection is extremely critical. Leaving innovative ideas unprotected means that those behind them will not be able to reap the full...,/img/tz/e/_1688397671-46-business-registrations-licensing-agency-brela.jpg
Deep Image Studio,12 Faru Street, Dar es Salaam, Dar Es Salaam,We have a strong team of knowledgeable professionals from different disciplines, with decades of experience in Design, Printing, Branding & Production. We have accumulated unique know-how when it come...,/img/tz/x/_1644793492-37-deep-image-studio.png
DEMA DENTAL PRODUCT COMPANY,P O BOX 4044 DSM, Dar Es Salaam,For all your interior and exterior design needs we 've got the solution.,/img/tz/a/_1617220924-12-dema-dental-product-company.jpg
Dk Link Design Company,P. O. BOX 66980, Dar Es Salaam,Landscaping & Gardening, Fumigation, Cleaning Services* We are a group of individuals with different skill sets joined forces to deliver authentic, fast, reliable and assuring services at the most hig...,/img/tz/f/_1460536516-95-dk-link-design-company.jpg
Dolson Interiors,03 Chole Road, Masaki, Dar Es Salaam,At Dolson’s, we do one thing very well: We create simply fabulous soft furnishing solutions for homes and businesses. Since 2005, we have been specializing in providing a complete suite of wall and wi...,/img/tz/e/_1579697350-92-dolson-interiors.jpg
ELEGANCE FURNITURE LIMITED,Victoria Plaza, Samora Avenue / Morogoro road, Dar Es Salaam,Established in 2015, Elegance Furniture Ltd is a privately owned business. Elegance Furniture Ltd is a new company that will provide expertise and quality in the Office & Domestic Furniture market whi...,/img/tz/a/_1430594300-95-elegance-furniture-limited.jpg
EroLink - Recruitment Specialist,Head Office & Training Centre 1720 Haile Selassie Road, Masaki, Dar Es Salaam,EROLINK Limited (“Erolink”) is your Education, Recruitment, and Outsourcing Link in Tanzania. We offer professional and effective services to our clients and employees, and take pride in sourcing and ...,/img/tz/d/_1549013790-25-erolink-recruitment-specialist.jpg
Kaymu Tanzania,P.o. Box 2929 , Dar Es Salaam,Kaymu is the #1 online shopping community in Tanzania. We connect buyers and sellers, but do not have any inventory of our own. Our founders believe that the internet can break economic barriers and c...,/img/tz/s/_1549021976-71-kaymu-tanzania.png
KIWALEIS INVESTMENT CO LTD,1, Dar Es Salaam,Transporters {Local & International } and supplies of all kinds of building materials. Managing Director Isaya kiwale Head office Plot no 620 block A Buguruni area Ilala Dar es salaam,/img/tz/x/_1572932346-53-kiwaleis-investment-co-ltd.jpg
Makazi Lodges Ltd,P.O Box 32021, Dar Es Salaam,A cosy bed and breakfast located in Mwananyamala Koma Koma, Kinondoni, Dar es Salaam, Tanzania. Ideal for those traveling to Dar es Salaam for leisure, vacations, business or conferences. It has a pea...,/img/tz/g/_1506510909-92-makazi-lodges-ltd.png
Ndola Engineering Works Ltd,P O Box 13806 Dar Es Salaam, Dar Es Salaam,Mbezi Beach opposite Interchick and along side IMTU College Another branch is at Tegeta Plot 6 P.O. Box 13806 Dar Es Salaam, Tanzania We deal with a variety of Construction equipment, concrete product...,/img/tz/e/_1617267073-11-ndola-engineering-works-ltd.jpg
Ukumbitz,Kinondoni, Dar Es Salaam,About"Tafuta Ukumbi bila jasho Je unahitaji ukumbi wa sherehe, harusi, send off, mikutano, vikao, kongamano au mahafali na shughuli zingine nyingi? Okoa muda, fanya booking ya ukumbi kidigitali. pata ...,/img/tz/a/_1674296390-20-oceanware-ltd.jpg
P&D TWINS DISTRIBUTORS LTD,p o box 65311,dar es salaam tanzania, Dar Es Salaam,P&D Twins distributors ltd was established in 2012. We specialist in flyer distribution, newspaper distribution and sample distribution. Houses, PO Boxes, Intersections and Office Parks within greater...,/img/tz/e/_1355458300_39113.png
sea rock investments company,P.o Box 40845, Dar es salaam, Dar Es Salaam,We are registered company dealing with construction works in buildings, civil works, irrigation schemes , real estates & land development. For the time being we have surveyed approved plots for differ...,/img/tz/j/_1457086361-45-sea-rock-investments-company.jpg
Selous explorer,P.o. Box 22694, Libya/Band street Kisutu, Dar es salaam,Tanzania, Dar Es Salaam,About Selous Explorer Selous Exporer comes out from many years’ experience of a group of Tanzanian professionals in the field of tourism. Passion for our job and commitment to the clients are the reas...,/img/tz/e/_1603428988-91-selous-explorer.jpg
Sparta Gym,Somali / Lumumba St, Dar Es Salaam,One of the best Fitness Gyms in Kariakoo Area offering various fitness activities.Just off Lumumba Street adjacent to New Ushirika Towers CRDB on the 6th Floor opposite to Sumry Bus Try us today. Heal...,/img/tz/h/_1421051872-sparta-gym.jpg
Streamline Consulting Limited,LEVEL 4, PLOT NO.638, Samora Avenue, Dar Es Salaam,We are close-knit organized team that consists of Professional Lawyers,Professional Fraud Investigators,and Professional Risk Managers,dynamic and talented achievers.Among us are professionals in Comp...,/img/tz/f/_1481810393-34-streamline-consulting-limited.jpg
Tanzania Fixer,Chimara Street, Palm residency, Ilala, Dar es Salaam, Dar Es Salaam,TANZANIA FIXER is a full line production service for feature, commercials, corporate, documentary film shooting. Professional assistance to shoot in Tanzania. More than a traditional film fixer, TANZA...,/img/tz/e/_1622910323-13-tanzania-fixer.jpg
Toyota Hilux Tanzania,Airpot road, Dar es Salaam Tanzania, Dar Es Salaam,Toyotahilux.co.tz Offers Brand New Toyota Hilux for Sale in Tanzania. We offer Toyota Hilux Single Cab, Smart Cab & Double Cab Pickups at market-competitive prices in Tanzania. We at Toyota Hilux Tanz...,/img/tz/x/_1678270752-36-toyota-hilux-tanzania.png
WANSLU & E-GOUWU TANZANIA,Bahari Beach , Dar Es Salaam,Shaoxing Longchen company at unbeatable prices (B2B) We are an international trade company, located in Shaoxing, China, serving businessmen that want to import all kinds of goods from China. We have c...,/img/tz/e/_1648186224-41-wanslu-e-gouwu-tanzania.jpg
Africa Batteries Ltd,Plot No. 11/47 , Zanaki Street , P.O. Box 21800 ., Dar Es Salaam,Wholesalers and Retailers for Motor Vehicle Batteries , Tyres , Lubricants and Accessories.,/img/tz/h/_1414667775-africa-batteries-ltd.jpg
Afrotalia International Limited,Mikocheni B - Mwai Kibaki Road - Business Bus Stand - Building No. 161 - Dar es salaam, Dar Es Salaam,Our vision, mission and goals are your safety and satisfaction. Therefore, we choose our products due to the international standards. In particular European standards. Above all quality and safety. As...,/img/tz/h/_1618360733-11-afrotalia-international-limited.jpg
Baridi Baridi Tanzania Limited,33758, Dar Es Salaam,Baridi Baridi provide the best AC solutions with DAIKIN INVERTER AC (Air Conditioner) through subscription & instalment service. Choose Baridi service & be free from AC trouble. Check our website to k...,/img/tz/j/_1668693538-76-baridi-baridi-tanzania-limited.jpg
Bencus Marketing Solutions,Chang'ombe, P.O Box 104420, Dar Es Salaam, Dar Es Salaam,Bencus Marketing Solutions is a digital marketing solutions provider based in Dar Es Salaam, Tanzania. Bencus Marketing Solutions offers services categorized in three major categories, marketing servi...,/img/tz/d/1393235050_41089.jpg
Best Western Coral Beach Hotel,Plot 956/1412, Coral Lane, Masaki, Msasani Peninsula, Dar Es Salaam,Welcome to our Dar es Salaam beach hotel where you can enjoy breathtaking views of the Indian ocean in a tranquil setting. Whether you're traveling to East Africa for business, as an NGO volunteer, or...,/img/tz/b/_1463661136-50-best-western-coral-beach-hotel.jpg
Bright Cooling & Services Centre(BCSC),Kiwalani, Airport Road, Dar Es Salaam,Bright Cooling & Services Centre is a private company specializes in AC sales, services, designing, installation, commissioning, repairs and maintenance.All types of air conditioners and other cooling...,/img/tz/k/_1561632748-15-bright-cooling-services-centre-bcsc.jpg
CATS-NET LIMITED,16th Floor RITA Tower Makanganya/Simu Street, Dar Es Salaam,We are pioneers of Information and Communication Technology in Tanzania, providing turnkey solutions with high-speed Internet, Data and VoIP Connectivity on various platforms including Fiber, VSAT and...,/img/tz/e/_1487764237-80-cats-net-limited.jpg
Cityweb Technologies,Sayansi, Dar Es Salaam,Cityweb Technologies is a company registered by The Registrar of Companies Tanzania. We strive to deliver our software and information systems expertise to our vicinity and beyond. Expertise Our exper...,/img/tz/e/_1421262608-53-cityweb-technologies.png
Climate Air Limited Tanzania,9 Kaunda Drive and Zambia Street, Oysterbay, Dar Es Salaam,Climate Air Limited is One of Tanzania’s prestigious Air Conditioning Company, providing thermal comfort and acceptable indoor air quality for Residential, Commercial and Industrial application. We of...,/img/tz/x/_1620735568-57-climate-air-limited-tanzania.jpg
Conveyance Container Tanzania Company Ltd,Julius K. Nyerere Road Block G, Plot No 303 Mchicha Star Africa Freight Forwarding (SAFF) Building , Dar Es Salaam,We make the impossible possible Conveyance Containers Limited is a mid-sized company specializing in acquisition and selling of dry shipping containers as well as refrigerating containers (reefers) of...,/img/tz/l/_1614782526-48-conveyance-container-tanzania-company-ltd.jpg
DAYA PREMJI LTD,Crescent Flat Building, Opp Hayderi Plaza, Upanga/ Ali Hassan Mwinyi Rd, Dar Es Salaam, Tanzania, Dar Es Salaam,Daya Premji Ltd is family run business established in 1976 leading in supply of Industrial hardware, welding consumables and general hardware. We are based in Dar-Es-Salaam with outlets in Moshi and A...,/img/tz/f/_1656061831-19-daya-premji-ltd.jpg
DELMAT GLOBAL LTD,Plot No. 638,Block No. 57,Next to NHC House, Zanaki Street , Dar Es Salaam,Delmat is established company based in Dar es salaam, Tanzania dealing with Multiproducts and multi services ranging from Cleaning Services Solutions, Waste management Solutions and other.,/img/tz/a/_1509466810-51-delmat-global-ltd.jpg
EQUIPLAMA AFRICA,P.O.BOX 16201, Dar Es Salaam,The Company deals with supply of premium industrial machine,Plants,Equipments [Energy,Construction,Printing,Processing,Mining,Transport,Marine,Telecom,Security,Port and Rail] international trade, real...,/img/tz/z/_1435329093-85-equiplama-africa.jpg
ESSENCE CONSULT LIMITED,Plot No.2319/9,1st Floor,NHC Building,Makunganya Street, Dar Es Salaam,Marketing & Sales Including E-Commerce: Marketing plans Marketing audits Market analysis Service development New service launch Advertising plans Advertising audits Pricing analysis Competitor analysi...,/img/tz/s/_1477569160-38-essence-consult-limited.png
FAKHRU AND BROTHERS GEN SUPPLIES,B0X 69080, Dar Es Salaam,FAKHRU AND BROTHERS WE DEAL WITH TERRAZZO AND WALL TILES INSTALLATION AROUND THE COUNTRY,/img/tz/k/_1457271322-25-fakhru-and-brothers-gen-supplies.jpg
FIRST RENTAL CONSTRUCTION EQUIPMENT,MIKOCHENI, Dar Es Salaam,Creating a safe environment for you with our scaffolding materials. Formworks Scaffolding Hire at cheaper price. Dar es salam/Tanzania for more information,/img/tz/n/_1703760103-57-first-rental-construction-equipment.jpg
Fort ICT SOLUTIONS signs branding,P O box 4473, Dar Es Salaam,Deals with branding sign ..... filling stations rebranding and branding, 3d cutter letter....pylon fubrications. Vehicles branding,/img/tz/d/_1593351909-25-fort-ict-solutions-signs-branding.jpg
FURMIGATION AND PETS,UBUNGO, Dar Es Salaam,KAMPUNI YETU INAHUSIKA NA KUUA NA KUANGAMIZA KABISA WADUDU WA MAJUMBANI,OFISINI PAMOJA NA MASHAMBANI.. KAMPUNI HII IMESAJILIWA KWA MUJIBU WA SERIKALI CHINI YA BRELA. KAMPUNI HII NI MPYA KABISA NA INAW...,/img/tz/x/_1515415606-89-furmigation-and-pets.jpg
HARLOS COMP LIMITED,PO BOX 4412, Dar Es Salaam,We engage in container trading,conversion and repairing.Also we offer transport service.HARLOS is one of and intends to be one of the leading freight forwarding, relocation and project logistics manag...,/img/tz/f/_1477301426-61-harlos-comp-limited.jpg
JINAN WAYTEKO (T) LIMITED,NELSON MANDELA ROAD, TABATA - DAR ES SALLAM, Varsani Plaza, Dar Es Salaam,Our company over 5 years has been distributing spare parts for Chinese trucks, such as: Shacman, Howo, Faw, Dong Feng. Our offices and warehouses are located in Tanzania, China and Russia. We export a...,/img/tz/d/_1634132475-96-jinan-wayteko-t-limited.jpg
Livingstone Hotel,FORMULA 10 Livingstone Hotel Corner Livingstone and Amani Street, Kariakoo, Dar Es Salaam,Livingstone Hotel has all the modern facilities and amenities. We are in close proximity to shops, banks, restaurants, government offices and the local market. It is a great place to stay with profess...,/img/tz/j/_1463469670-31-livingstone-hotel.jpg
MOHAMED MEDICAL SUPPLIES LTD,P.O.BOX 42662 Mtukula Street, Chang'ombe Temeke DSM, Dar Es Salaam,MOHAMED MEDICAL SUPPLIES is a Business registered in 2011 under Brela’s Business Name Ordinance Cap 213 dealing with selling and servicing of Hospital, Laboratory Equipments and supply of Reagents. Th...,/img/tz/s/_1467571968-74-mohamed-medical-supplies-ltd.jpg
Nida Textile Mills,Plot No. 32, Nelson Mandela Road,Tabata, Dar Es Salaam,Nida Textile Mills (T) Limited is a vertically integrated textile composite established in 2000 engaging in processing cotton from its raw source to producing textile made-ups. It is part of the Giga ...,/img/tz/z/_1688842964-65-nida-textile-mills.jpg
Phoenix rubber rollers,p o box 65321,Dar Es Salaam, Tanzania, Dar Es Salaam,Rubber rollers Heidelberg printing machines like Gto, Kor, Kord, Kors, Mo, Speed Master 52, 72,74 and Sm102, Sork, Sord, Sors, Sorm etc Komori rubber rollers for inking and water form etc. sprint 26,2...,/img/tz/m/_1462270420-77-phoenix-rubber-rollers.jpg
Raguel Company Ltd,P.o.Box 34416, Dar Es Salaam,Raguel Company Ltd. Is a Tanzanian private Company, registered under the company’s act No 12 of the year 2002 to operate businesses across the Country. Growing from freelance consultancy service provi...,/img/tz/m/_1433335135-34-raguel-company-ltd.jpg
Reco Engineering Company Ltd,51, Chang'ombe Road, P.O.Box 873, Dar-es-Salaam, Tanzania., Dar Es Salaam,Reco Engineering Company Ltd is providing engineering services to various companies and workshops in Tanzania since 1948. Our aim to deliver the exceptional performance and service that our clients ex...,/img/tz/e/_1686117458_40111.png
Simba Digital Marketing Agency,Kimara Korogwe, Dar es Salaam, 16104, Dar Es Salaam,We are a family of digital marketers dedicated to helping businesses and personal brands grow online visibility to increase sales or brand awareness. Prospects and customers are already searching for ...,/img/tz/l/_1660328161-81-simba-digital-marketing-agency.jpg
Tanzanite Bliss/ EZ- Group,Oyster Pearl Galleria, 1st Floor, Plot 370, Chole Road - Oyster Bay, Dar Es Salaam,Tanzanite Bliss Ltd, agent company for EZ Group Building Equipment’s here in Tanzania! Please let us introduce our Company and the range of high-quality products we sell. EZ Group is a 40-year old Ita...,/img/tz/g/_1591872481-56-tanzanite-bliss-ez-group.jpg
The Rub | Beauty Salon and Day Spa,Alimaua Rd, Plot 2115 Kijitonyama P. O. Box 32329 Kijitonyama Dar es Salaam , Dar Es Salaam,The Rub is a beauty salon and day spa that’s primarily designed to provide customers with a good feeling in their body, mind and soul. Our services including waxing, tweezing and threading, unisex man...,/img/tz/x/_1453279801-71-the-rub-beauty-salon-and-day-spa.jpg
Tinovision Designs and Prints,Ubungo, Dar es salaam, Dar Es Salaam,Hi there, Welcome to the official page of the best creative agency found in Tanzania, we do BRANDING, SOCIAL MEDIA MANAGEMENT and GRAPHIC and MOTION GRAPHICS. We are experts to transform brands to the...,/img/tz/h/_1690409077-52-tinovision-designs-and-prints.jpg
Weighing Equipment & Supply Co. (WESCO),30 Mafia Street, Kariakoo, P.O Box 65298, Dar Es Salaam,COMPANY LOCATION AND ADDRESS: 30 Mafia Street, Kariakoo, P.O Box 65298 Dar es Salaam, TANZANIA Phone: + 255 (758) 000026 + 255 (754) 863564 E-Mail: [email protected] DIRECTOR: Mary Josephat Mushi +2...,/img/tz/k/_1460600973-18-weighing-equipment-supply-co-wesco.jpg
ARG SPARKLES LIMITED,Mwenge, Dar Es Salaam,ARG SPARKLES LTD is the distributor of fast-moving consumer goods especially mosquito repellent products like mosquito sticks, mosquito coils, as well as mosquito spray.,/img/tz/e/_1695289757-88-aogrand-tanzania.jpg
Armor Security Limited,11 Sido Street, Block 41, Dar Es Salaam,Armor Security Limited has a wealth of experience spanning over many years. We are capable of dealing with all your security needs and offer a complete range, planning system analysis and design as we...,/img/tz/a/_1670404309-65-armor-security-limited.jpg
Arwa Pharmacy,Ground Floor, Shop No. 2Benjamin William Mkapa Parking Towers, Jamhuri StreetDar Es Salaam 11104, Dar Es Salaam,We are a family-owned business, located in the heart of Ilala Central Business District (CBD), in Dar Es Salaam. It is different compared to other pharmaceutical franchises because of our unique abili...,/img/tz/s/_1619845662-71-arwa-pharmacy.jpg
Asar Limited since 1953,<span style="color: red">India</span> Street, Dar Es Salaam,Asar Ltd opened in 1953 and is an authorized dealer in Tanzania for some of the top brands in the world like Makita,Imer,Swepac and Rawlplug.We also have an authorized service center. At asar we belie...,/img/tz/s/_1657017937-23-asar-ltd.jpg
Auric Air Services Ltd,Viva Towers Office No 17 Floor No 2, Dar Es Salaam,"Auric Air Services Ltd" is Tanzania's preferred corporate and safari airline with a wide network of domestic scheduled services. From its bases at Mwanza Airport - Mwanza, Julius Nyerere Internationa...,/img/tz/j/_1433189878-41-auric-air-services-ltd.jpg
Buku Tano ~ Easy Hosting,P.O.Box 10532, Dar Es Salaam,Buku Tano is the #1 web hosting service provider and the best web hosting in Tanzania and Africa in general! We offer high-quality services and our prices are affordable. We do have Price Locked Forev...,/img/tz/m/_1633472965-53-buku-tano-easy-hosting.png
Car Junction Tanzania,EPZ ubungo industrial area, Dar-Es-Salaam, Dar Es Salaam,Car Junction Tanzania is among the leading Exporter of Japanese used vehicles, Spare Parts and tractors all over the world, especially in African regions like Tanzania. Car Junction has been always on...,/img/tz/n/_1669966368-94-car-junction-tanzania.jpg
Cosmos Group (T) Ltd,2205, Dar Es Salaam,Uhuru Town is yet another exciting project in D​​​​​​​​ar es Salaam, launched by Cosmos Builders Ltd (member of Cosmos Group Ltd), a renowned name in the construction industry in East Africa, the deve...,/img/tz/h/_1470728494-75-cosmos-group-t-ltd.png